Customer,X,Y,max_customer_date,Z
A0350,25,51238.1144,1970-01-01 00:00:00.020181226,0
A0351,6,17890.311999999998,1970-01-01 00:00:00.020181219,0
A0352,14,46424.03852,1970-01-01 00:00:00.020181221,0
A0353,14,27607.68636,1970-01-01 00:00:00.020181211,0
A0354,6,9973.92064,1970-01-01 00:00:00.020181204,0
A0355,8,20105.90008,1970-01-01 00:00:00.020181206,0
A0356,10,15733.79076,1970-01-01 00:00:00.020181011,0
A0357,20,58583.1032,1970-01-01 00:00:00.020181211,0
A0363,4,8215.5405,1970-01-01 00:00:00.020181227,0
A0365,5,13192.476,1970-01-01 00:00:00.020181004,0
A0367,1,20747.488,1970-01-01 00:00:00.020180329,0
A0368,6,9982.31188,1970-01-01 00:00:00.020180924,0
A0369,16,24467.37358,1970-01-01 00:00:00.020181217,0
A0370,2,1600.085,1970-01-01 00:00:00.020181224,0
A0371,17,39879.94032,1970-01-01 00:00:00.020181231,0
A0372,7,53497.2525,1970-01-01 00:00:00.020181231,0
A0373,3,15233.7896,1970-01-01 00:00:00.020181008,0
A0375,28,91490.08616,1970-01-01 00:00:00.020181207,0
A0376,2,1045.0,1970-01-01 00:00:00.020180823,0
A0377,31,90803.77656,1970-01-01 00:00:00.020181220,0
A0379,5,7788.1093,1970-01-01 00:00:00.020180618,0
A0380,26,44892.25766,1970-01-01 00:00:00.020181212,0
A0382,20,39290.654200000004,1970-01-01 00:00:00.020181116,0
A0383,5,8219.31008,1970-01-01 00:00:00.020181121,0
A0385,16,21365.703999999998,1970-01-01 00:00:00.020181224,0
A0387,25,48119.9422,1970-01-01 00:00:00.020181219,0
A0388,2,1366.024,1970-01-01 00:00:00.020181129,0
A0389,6,11963.6628,1970-01-01 00:00:00.020181102,0
A0390,3,12935.6748,1970-01-01 00:00:00.020181122,0
A0393,8,22344.3324,1970-01-01 00:00:00.020181128,0
A0395,5,19162.8396,1970-01-01 00:00:00.020181221,0
A0399,18,46777.91372,1970-01-01 00:00:00.020181219,0
A0401,3,1354.4388,1970-01-01 00:00:00.020180502,0
A0403,18,37633.50504,1970-01-01 00:00:00.020181206,0
A0404,7,11972.315999999999,1970-01-01 00:00:00.020181018,0
A0406,3,2138.9974,1970-01-01 00:00:00.020181211,0
A0407,7,17412.53008,1970-01-01 00:00:00.020181119,0
A0408,27,84215.81636,1970-01-01 00:00:00.020181219,0
A0409,5,43988.01264,1970-01-01 00:00:00.020181129,0
A0410,3,23273.360000000004,1970-01-01 00:00:00.020180926,0
A0411,14,33055.8136,1970-01-01 00:00:00.020181205,0
A0412,25,103467.83966,1970-01-01 00:00:00.020181025,0
A0414,19,50802.3474,1970-01-01 00:00:00.020181225,0
A0415,19,54608.59534,1970-01-01 00:00:00.020181231,0
A0417,1,1182.72,1970-01-01 00:00:00.020180207,0
A0418,4,1688.0094,1970-01-01 00:00:00.020181122,0
A0419,18,33211.20156,1970-01-01 00:00:00.020181207,0
A0420,4,6624.112,1970-01-01 00:00:00.020181101,0
A0421,7,10615.4094,1970-01-01 00:00:00.020181127,0
A0422,29,38852.14154,1970-01-01 00:00:00.020181227,0
A0423,4,17705.647680000002,1970-01-01 00:00:00.020180925,0
A0424,7,22291.5641,1970-01-01 00:00:00.020180802,0
A0426,10,15457.50488,1970-01-01 00:00:00.020190101,0
A0427,20,53668.96852,1970-01-01 00:00:00.020181225,0
A0428,30,68214.84626,1970-01-01 00:00:00.020181226,0
A0429,24,56170.27036,1970-01-01 00:00:00.020181219,0
A0431,20,42921.03694,1970-01-01 00:00:00.020190104,0
A0432,8,20877.8636,1970-01-01 00:00:00.020180816,0
A0433,3,5226.46208,1970-01-01 00:00:00.020181219,0
A0434,4,9433.902,1970-01-01 00:00:00.020180404,0
A0435,5,9168.87488,1970-01-01 00:00:00.020181204,0
A0436,15,20892.34086,1970-01-01 00:00:00.020181218,0
A0438,21,52471.00508,1970-01-01 00:00:00.020181228,0
A0442,3,3781.8,1970-01-01 00:00:00.020181004,0
A0443,5,14467.0144,1970-01-01 00:00:00.020181211,0
A0444,14,66391.1241,1970-01-01 00:00:00.020181225,0
A0445,22,69718.16796,1970-01-01 00:00:00.020181207,0
A0446,7,8024.2118,1970-01-01 00:00:00.020181224,0
A0450,7,29682.678079999998,1970-01-01 00:00:00.020181119,0
A0452,17,51035.60072,1970-01-01 00:00:00.020190101,0
A0453,6,19213.7616,1970-01-01 00:00:00.020180824,0
A0454,7,12743.98748,1970-01-01 00:00:00.020181023,0
A0455,2,2772.0078,1970-01-01 00:00:00.020180921,0
A0456,7,15127.86256,1970-01-01 00:00:00.020181210,0
A0457,18,31211.8092,1970-01-01 00:00:00.020181026,0
A0458,19,25885.64418,1970-01-01 00:00:00.020181212,0
A0459,15,30868.958,1970-01-01 00:00:00.020181204,0
A0461,5,12071.3444,1970-01-01 00:00:00.020180807,0
A0462,16,94588.98832,1970-01-01 00:00:00.020181224,0
A0463,19,42524.26112,1970-01-01 00:00:00.020181221,0
A0464,26,55737.95916,1970-01-01 00:00:00.020181219,0
A0466,10,14818.6566,1970-01-01 00:00:00.020181217,0
A0467,8,16875.1588,1970-01-01 00:00:00.020190102,0
A0470,24,50930.23436,1970-01-01 00:00:00.020181225,0
A0471,13,30434.050880000003,1970-01-01 00:00:00.020190101,0
A0472,24,38678.19816,1970-01-01 00:00:00.020181126,0
A0473,15,34747.6274,1970-01-01 00:00:00.020181225,0
A0474,7,55410.72,1970-01-01 00:00:00.020181123,0
A0477,1,3565.056,1970-01-01 00:00:00.020181214,0
A0478,7,9368.4158,1970-01-01 00:00:00.020181226,0
A0480,27,42586.78934,1970-01-01 00:00:00.020181213,0
A0481,5,10283.23096,1970-01-01 00:00:00.020181226,0
A0482,4,10019.87808,1970-01-01 00:00:00.020181204,0
A0484,2,7134.4416,1970-01-01 00:00:00.020180925,0
A0486,3,3396.624,1970-01-01 00:00:00.020181031,0
A0487,6,7832.14864,1970-01-01 00:00:00.020181224,0
A0493,24,57110.203,1970-01-01 00:00:00.020181227,0
A0494,10,28727.84208,1970-01-01 00:00:00.020181101,0
A0495,26,42881.5884,1970-01-01 00:00:00.020181226,0
A0496,20,41919.68018,1970-01-01 00:00:00.020181206,0
A0497,21,51243.36924,1970-01-01 00:00:00.020181221,0
A0498,4,12519.6456,1970-01-01 00:00:00.020180928,0
A0499,6,5694.343,1970-01-01 00:00:00.020181129,0
A0500,6,17687.75496,1970-01-01 00:00:00.020181220,0
A0502,11,21722.25292,1970-01-01 00:00:00.020181217,0
A0503,15,27690.08864,1970-01-01 00:00:00.020181228,0
A0504,16,41540.22568,1970-01-01 00:00:00.020181130,0
A0505,14,33625.77328,1970-01-01 00:00:00.020181226,0
A0506,20,27370.729040000002,1970-01-01 00:00:00.020181219,0
A0507,7,19309.056,1970-01-01 00:00:00.020180921,0
A0510,5,25498.20416,1970-01-01 00:00:00.020181113,0
A0511,4,3579.1254,1970-01-01 00:00:00.020181016,0
A0512,21,47105.839680000005,1970-01-01 00:00:00.020181219,0
A0513,22,70536.3922,1970-01-01 00:00:00.020181219,0
A0514,16,51271.95136,1970-01-01 00:00:00.020181210,0
A0515,20,42637.890400000004,1970-01-01 00:00:00.020190101,0
A0516,7,14034.8976,1970-01-01 00:00:00.020190102,0
A0517,10,47434.30128,1970-01-01 00:00:00.020181129,0
A0519,22,42422.7064,1970-01-01 00:00:00.020181213,0
A0520,3,4263.2128,1970-01-01 00:00:00.020181019,0
A0522,14,45104.94008,1970-01-01 00:00:00.020181228,0
A0523,4,6731.2784,1970-01-01 00:00:00.020181207,0
A0525,4,22838.0864,1970-01-01 00:00:00.020181225,0
A0528,17,46616.37692,1970-01-01 00:00:00.020181227,0
A0529,29,93357.25092,1970-01-01 00:00:00.020181226,0
A0530,17,31043.235,1970-01-01 00:00:00.020181228,0
A0531,31,76942.71316,1970-01-01 00:00:00.020190101,0
A0534,23,50206.8252,1970-01-01 00:00:00.020181023,0
A0536,5,23439.78288,1970-01-01 00:00:00.020181031,0
A0539,4,10274.2788,1970-01-01 00:00:00.020181214,0
A0541,5,12945.299,1970-01-01 00:00:00.020181212,0
A0542,19,47053.24054,1970-01-01 00:00:00.020181030,0
A0544,7,13032.646,1970-01-01 00:00:00.020181114,0
A0545,9,14896.1194,1970-01-01 00:00:00.020181225,0
A0546,5,12146.319,1970-01-01 00:00:00.020180724,0
A0547,17,76588.84698,1970-01-01 00:00:00.020181227,0
A0548,22,88428.33828,1970-01-01 00:00:00.020181217,0
A0550,8,10693.54088,1970-01-01 00:00:00.020180824,0
A0552,16,33275.403040000005,1970-01-01 00:00:00.020181226,0
A0554,3,13128.7398,1970-01-01 00:00:00.020181228,0
A0556,4,4126.496,1970-01-01 00:00:00.020181128,0
A0557,26,43957.92852,1970-01-01 00:00:00.020181217,0
A0559,23,50929.96704,1970-01-01 00:00:00.020181218,0
A0560,3,2777.3256,1970-01-01 00:00:00.020180731,0
A0561,7,17181.94708,1970-01-01 00:00:00.020190101,0
A0562,1,3142.825,1970-01-01 00:00:00.020180102,0
A0565,6,41481.625,1970-01-01 00:00:00.020181113,0
A0566,9,19442.22684,1970-01-01 00:00:00.020181002,0
A0567,9,21824.5488,1970-01-01 00:00:00.020181224,0
A0569,8,7703.5545,1970-01-01 00:00:00.020181226,0
A0571,4,7925.00508,1970-01-01 00:00:00.020181126,0
A0574,31,63133.327040000004,1970-01-01 00:00:00.020181220,0
A0575,4,5961.139999999999,1970-01-01 00:00:00.020181022,0
A0576,21,47727.03496,1970-01-01 00:00:00.020181113,0
A0578,24,54593.79472,1970-01-01 00:00:00.020181224,0
A0579,3,5537.8576,1970-01-01 00:00:00.020181114,0
A0581,5,3838.027,1970-01-01 00:00:00.020181225,0
A0582,25,58630.030139999995,1970-01-01 00:00:00.020190102,0
A0583,19,51466.5178,1970-01-01 00:00:00.020181227,0
A0584,3,6360.9216,1970-01-01 00:00:00.020181029,0
A0585,2,17040.45,1970-01-01 00:00:00.020181218,0
A0586,9,11060.0008,1970-01-01 00:00:00.020181005,0
A0587,22,35450.40128,1970-01-01 00:00:00.020181225,0
A0589,12,30520.130640000003,1970-01-01 00:00:00.020180911,0
A0592,7,14503.912199999999,1970-01-01 00:00:00.020181214,0
A0593,19,42394.38672,1970-01-01 00:00:00.020181224,0
A0597,4,8548.198,1970-01-01 00:00:00.020181119,0
A0601,11,22221.6432,1970-01-01 00:00:00.020181016,0
A0602,5,7300.78888,1970-01-01 00:00:00.020180913,0
A0603,17,37971.4601,1970-01-01 00:00:00.020181231,0
A0605,4,12800.11016,1970-01-01 00:00:00.020180928,0
A0607,27,59831.2574,1970-01-01 00:00:00.020181224,0
A0609,4,4933.3284,1970-01-01 00:00:00.020180501,0
A0610,27,89642.5049,1970-01-01 00:00:00.020190101,0
A0611,9,20294.608,1970-01-01 00:00:00.020181226,0
A0615,11,39951.26736,1970-01-01 00:00:00.020181228,0
A0616,30,75300.39862,1970-01-01 00:00:00.020181224,0
A0618,2,4794.24,1970-01-01 00:00:00.020181114,0
A0620,3,2950.332,1970-01-01 00:00:00.020180417,0
A0624,3,5199.15,1970-01-01 00:00:00.020181203,0
A0625,8,11095.5064,1970-01-01 00:00:00.020181228,0
A0626,5,16648.12296,1970-01-01 00:00:00.020180629,0
A0627,21,55727.3165,1970-01-01 00:00:00.020181231,0
A0629,28,74925.30036,1970-01-01 00:00:00.020181218,0
A0630,25,60678.71478,1970-01-01 00:00:00.020181226,0
A0632,33,108218.955,1970-01-01 00:00:00.020190104,0
A0633,21,54357.8831,1970-01-01 00:00:00.020181224,0
A0635,5,11961.17712,1970-01-01 00:00:00.020181122,0
A0636,2,3805.0086,1970-01-01 00:00:00.020181220,0
A0637,5,7045.988960000001,1970-01-01 00:00:00.020181107,0
A0640,11,22824.160320000003,1970-01-01 00:00:00.020181009,0
A0641,22,105607.04174,1970-01-01 00:00:00.020181231,0
A0642,8,14677.394,1970-01-01 00:00:00.020181128,0
A0643,23,42985.028860000006,1970-01-01 00:00:00.020181221,0
A0647,3,3428.9727999999996,1970-01-01 00:00:00.020180808,0
A0648,7,16181.58292,1970-01-01 00:00:00.020181213,0
A0649,2,1677.016,1970-01-01 00:00:00.020180730,0
A0654,6,20576.2144,1970-01-01 00:00:00.020180807,0
A0655,25,52836.00978,1970-01-01 00:00:00.020181231,0
A0657,15,22579.60852,1970-01-01 00:00:00.020181226,0
A0659,17,15176.4289,1970-01-01 00:00:00.020181221,0
A0660,22,65717.35262,1970-01-01 00:00:00.020181130,0
A0661,4,4359.8258000000005,1970-01-01 00:00:00.020181217,0
A0662,2,4123.768,1970-01-01 00:00:00.020181010,0
A0665,22,43550.06656,1970-01-01 00:00:00.020181116,0
A0666,3,11385.598399999999,1970-01-01 00:00:00.020180625,0
A0667,3,4163.07264,1970-01-01 00:00:00.020181108,0
A0670,23,46959.892,1970-01-01 00:00:00.020181221,0
A0671,3,4415.15712,1970-01-01 00:00:00.020181130,0
A0672,2,2832.8608000000004,1970-01-01 00:00:00.020180904,0
A0673,29,61452.74552,1970-01-01 00:00:00.020181220,0
A0678,10,15799.8106,1970-01-01 00:00:00.020181212,0
A0679,21,47252.972519999996,1970-01-01 00:00:00.020190103,0
A0681,21,41843.36562,1970-01-01 00:00:00.020181226,0
A0682,2,2102.034,1970-01-01 00:00:00.020181114,0
A0683,5,6796.0538799999995,1970-01-01 00:00:00.020181228,0
A0684,18,50681.35952,1970-01-01 00:00:00.020181212,0
A0686,26,43363.0438,1970-01-01 00:00:00.020181219,0
A0688,10,38630.527780000004,1970-01-01 00:00:00.020181219,0
A0690,19,41335.451740000004,1970-01-01 00:00:00.020181128,0
A0693,26,76988.27666,1970-01-01 00:00:00.020181227,0
A0694,8,21215.58736,1970-01-01 00:00:00.020181228,0
A0695,17,62673.45536,1970-01-01 00:00:00.020181231,0
A0696,15,46249.586279999996,1970-01-01 00:00:00.020181112,0
A0697,6,12823.63824,1970-01-01 00:00:00.020181218,0
A0701,23,50037.39528,1970-01-01 00:00:00.020181226,0
A0702,7,18571.47764,1970-01-01 00:00:00.020181214,0
A0703,19,48763.78456,1970-01-01 00:00:00.020181106,0
A0704,16,27979.953,1970-01-01 00:00:00.020181227,0
A0705,6,20229.615999999998,1970-01-01 00:00:00.020180914,0
A0706,8,26562.8992,1970-01-01 00:00:00.020181213,0
A0707,13,39029.94814,1970-01-01 00:00:00.020190101,0
A0708,30,87497.89356,1970-01-01 00:00:00.020181123,0
A0709,9,14925.05864,1970-01-01 00:00:00.020181221,0
A0710,6,12195.5,1970-01-01 00:00:00.020181218,0
A0713,6,35481.9203,1970-01-01 00:00:00.020181226,0
A0715,6,4420.900000000001,1970-01-01 00:00:00.020181120,0
A0716,25,52974.0406,1970-01-01 00:00:00.020181128,0
A0718,9,23999.30448,1970-01-01 00:00:00.020181227,0
A0720,27,92360.8116,1970-01-01 00:00:00.020181210,0
A0721,2,7743.4302,1970-01-01 00:00:00.020181112,0
A0722,4,5943.608,1970-01-01 00:00:00.020180820,0
A0724,20,65380.778119999995,1970-01-01 00:00:00.020181130,0
A0725,9,43259.45348,1970-01-01 00:00:00.020181228,0
A0726,7,11458.1258,1970-01-01 00:00:00.020181211,0
A0727,3,10745.52808,1970-01-01 00:00:00.020181203,0
A0728,3,8277.1608,1970-01-01 00:00:00.020180803,0
A0730,1,19288.368,1970-01-01 00:00:00.020180615,0
A0731,20,89636.23352000001,1970-01-01 00:00:00.020181210,0
A0732,5,12749.98712,1970-01-01 00:00:00.020181102,0
A0736,2,4890.1776,1970-01-01 00:00:00.020180523,0
A0737,8,14365.0892,1970-01-01 00:00:00.020180813,0
A0738,21,35175.2063,1970-01-01 00:00:00.020190102,0
A0739,6,11881.4784,1970-01-01 00:00:00.020180924,0
A0740,2,5500.133760000001,1970-01-01 00:00:00.020180711,0
A0741,10,27572.6416,1970-01-01 00:00:00.020181231,0
A0742,20,74867.5855,1970-01-01 00:00:00.020181224,0
A0743,28,59606.427039999995,1970-01-01 00:00:00.020181211,0
A0744,25,45165.38784,1970-01-01 00:00:00.020181226,0
A0745,23,52042.53812,1970-01-01 00:00:00.020181130,0
A0746,7,5382.4446,1970-01-01 00:00:00.020181212,0
A0747,24,53322.91824,1970-01-01 00:00:00.020190101,0
A0749,16,31065.125079999998,1970-01-01 00:00:00.020181227,0
A0753,6,12335.0705,1970-01-01 00:00:00.020181221,0
A0754,21,76203.0003,1970-01-01 00:00:00.020181213,0
A0756,4,12812.75832,1970-01-01 00:00:00.020181219,0
A0757,3,11150.028,1970-01-01 00:00:00.020181213,0
A0758,3,17142.75,1970-01-01 00:00:00.020181225,0
A0760,22,56559.01008,1970-01-01 00:00:00.020181231,0
A0761,28,79820.90654,1970-01-01 00:00:00.020181127,0
A0762,14,25119.3865,1970-01-01 00:00:00.020181217,0
A0763,23,67630.12352,1970-01-01 00:00:00.020190104,0
A0764,25,73451.62556,1970-01-01 00:00:00.020181217,0
A0765,7,20201.36412,1970-01-01 00:00:00.020181127,0
A0767,4,14993.6204,1970-01-01 00:00:00.020180928,0
A0769,5,23654.141539999997,1970-01-01 00:00:00.020181112,0
A0770,1,2787.84,1970-01-01 00:00:00.020180817,0
A0771,20,57297.02332,1970-01-01 00:00:00.020181214,0
A0772,2,3044.91,1970-01-01 00:00:00.020181113,0
A0773,16,54055.6225,1970-01-01 00:00:00.020190101,0
A0774,11,61376.75888,1970-01-01 00:00:00.020190101,0
A0776,4,6388.1456,1970-01-01 00:00:00.020181012,0
A0777,5,6345.82672,1970-01-01 00:00:00.020181026,0
A0778,9,23540.29664,1970-01-01 00:00:00.020181017,0
A0781,29,62839.258160000005,1970-01-01 00:00:00.020190102,0
A0782,3,5313.3984,1970-01-01 00:00:00.020180921,0
A0783,5,8120.0016,1970-01-01 00:00:00.020180920,0
A0785,16,34041.4772,1970-01-01 00:00:00.020190102,0
A0786,9,15628.4436,1970-01-01 00:00:00.020181219,0
A0789,6,15697.64464,1970-01-01 00:00:00.020181226,0
A0790,5,11238.48,1970-01-01 00:00:00.020181128,0
A0791,6,16418.628,1970-01-01 00:00:00.020181207,0
A0792,17,39605.81658,1970-01-01 00:00:00.020181220,0
A0795,23,44652.56108,1970-01-01 00:00:00.020181228,0
A0796,19,44784.4917,1970-01-01 00:00:00.020181106,0
A0797,3,5752.398080000001,1970-01-01 00:00:00.020181127,0
A0798,23,55839.7272,1970-01-01 00:00:00.020181212,0
A0799,21,57199.47676,1970-01-01 00:00:00.020181219,0
A0800,22,64388.18152,1970-01-01 00:00:00.020181206,0
A0801,20,49295.38332,1970-01-01 00:00:00.020181218,0
A0802,25,72820.62104,1970-01-01 00:00:00.020181220,0
A0803,4,2921.8805,1970-01-01 00:00:00.020180726,0
A0806,3,2470.952,1970-01-01 00:00:00.020180424,0
A0807,5,6798.16088,1970-01-01 00:00:00.020180911,0
A0808,29,113650.21052,1970-01-01 00:00:00.020181109,0
A0809,1,1461.4776,1970-01-01 00:00:00.020181218,0
A0810,6,12248.28544,1970-01-01 00:00:00.020181212,0
A0811,22,51571.11,1970-01-01 00:00:00.020181218,0
A0813,3,2715.6800000000003,1970-01-01 00:00:00.020180924,0
A0815,30,52427.30826,1970-01-01 00:00:00.020181231,0
A0816,20,47189.62872,1970-01-01 00:00:00.020181219,0
A0817,3,6141.84,1970-01-01 00:00:00.020181009,0
A0819,22,66311.35628,1970-01-01 00:00:00.020181218,0
A0821,19,32336.90982,1970-01-01 00:00:00.020181224,0
A0822,6,15109.66,1970-01-01 00:00:00.020181113,0
A0823,1,6209.9136,1970-01-01 00:00:00.020180523,0
A0824,28,90622.36652000001,1970-01-01 00:00:00.020181119,0
A0826,21,45496.89026,1970-01-01 00:00:00.020181231,0
A0827,4,17201.6413,1970-01-01 00:00:00.020181009,0
A0828,5,10866.10032,1970-01-01 00:00:00.020180810,0
A0830,26,68471.80608000001,1970-01-01 00:00:00.020190104,0
A0833,7,9011.1,1970-01-01 00:00:00.020181221,0
A0834,4,8818.75696,1970-01-01 00:00:00.020181217,0
A0835,23,42311.12948,1970-01-01 00:00:00.020181218,0
A0836,13,18338.80404,1970-01-01 00:00:00.020181228,0
A0837,9,19179.94824,1970-01-01 00:00:00.020181204,0
A0838,4,6476.40296,1970-01-01 00:00:00.020181212,0
A0839,4,9034.4208,1970-01-01 00:00:00.020181017,0
A0841,4,4679.615,1970-01-01 00:00:00.020181231,0
A0842,19,46835.24978,1970-01-01 00:00:00.020181205,0
A0843,5,25147.95288,1970-01-01 00:00:00.020180926,0
A0845,24,85556.66646000001,1970-01-01 00:00:00.020181121,0
A0846,15,43733.55208,1970-01-01 00:00:00.020181107,0
A0847,5,9291.2117,1970-01-01 00:00:00.020181224,0
A0850,4,8709.39296,1970-01-01 00:00:00.020181018,0
A0852,27,53513.904500000004,1970-01-01 00:00:00.020181231,0
A0853,25,60933.9325,1970-01-01 00:00:00.020181228,0
A0854,3,10639.965600000001,1970-01-01 00:00:00.020180924,0
A0856,5,5654.6566,1970-01-01 00:00:00.020181102,0
A0859,3,2643.303,1970-01-01 00:00:00.020180607,0
A0861,20,48752.28028,1970-01-01 00:00:00.020181218,0
A0862,20,77191.7424,1970-01-01 00:00:00.020181228,0
A0863,8,19887.683,1970-01-01 00:00:00.020181127,0
A0864,10,29285.7,1970-01-01 00:00:00.020190103,0
A0865,4,4760.3158,1970-01-01 00:00:00.020180927,0
A0867,7,27575.47264,1970-01-01 00:00:00.020181127,0
A0869,22,45417.16108,1970-01-01 00:00:00.020181219,0
A0870,6,12287.996600000002,1970-01-01 00:00:00.020181102,0
A0871,7,19255.92104,1970-01-01 00:00:00.020181224,0
A0873,7,32280.755,1970-01-01 00:00:00.020181221,0
A0875,4,8887.4896,1970-01-01 00:00:00.020181119,0
A0877,9,30152.945160000003,1970-01-01 00:00:00.020181121,0
A0878,24,40089.3595,1970-01-01 00:00:00.020190101,0
A0879,26,59253.27964,1970-01-01 00:00:00.020190102,0
A0880,27,76911.48052,1970-01-01 00:00:00.020181221,0
A0881,29,93480.83382,1970-01-01 00:00:00.020181210,0
A0883,13,28390.173199999997,1970-01-01 00:00:00.020181211,0
A0884,20,56969.529760000005,1970-01-01 00:00:00.020181225,0
A0886,5,7494.8216,1970-01-01 00:00:00.020180905,0
A0887,29,88768.23284,1970-01-01 00:00:00.020181219,0
A0890,23,71830.98814,1970-01-01 00:00:00.020181225,0
A0891,6,18229.79,1970-01-01 00:00:00.020181204,0
A0892,28,72432.87134,1970-01-01 00:00:00.020181221,0
A0893,24,49825.0053,1970-01-01 00:00:00.020181123,0
A0894,1,1182.72,1970-01-01 00:00:00.020181228,0
A0895,5,14064.568,1970-01-01 00:00:00.020181004,0
A0897,25,52806.06022,1970-01-01 00:00:00.020181224,0
A0899,1,2524.7376,1970-01-01 00:00:00.020180604,0
A0900,4,21774.34,1970-01-01 00:00:00.020180928,0
A0901,5,21216.41468,1970-01-01 00:00:00.020181228,0
A0903,18,31518.3026,1970-01-01 00:00:00.020181224,0
A0904,2,1015.1687999999999,1970-01-01 00:00:00.020181121,0
A0905,19,30064.15038,1970-01-01 00:00:00.020181218,0
A0906,15,24875.15884,1970-01-01 00:00:00.020181221,0
A0907,16,60026.62536,1970-01-01 00:00:00.020181204,0
A0910,3,4474.366,1970-01-01 00:00:00.020181115,0
A0913,5,6626.532,1970-01-01 00:00:00.020180606,0
A0914,5,11250.954,1970-01-01 00:00:00.020181129,0
A0915,5,4867.984,1970-01-01 00:00:00.020180802,0
A0916,16,49488.317240000004,1970-01-01 00:00:00.020181214,0
A0917,2,2132.3720000000003,1970-01-01 00:00:00.020190101,0
A0918,10,17324.90424,1970-01-01 00:00:00.020180917,0
A0919,19,41633.6086,1970-01-01 00:00:00.020181210,0
A0920,5,12517.4016,1970-01-01 00:00:00.020190101,0
A0921,5,7384.5728,1970-01-01 00:00:00.020181224,0
A0922,17,36912.064080000004,1970-01-01 00:00:00.020190102,0
A0923,8,15771.436,1970-01-01 00:00:00.020181116,0
A0925,5,12842.23776,1970-01-01 00:00:00.020180803,0
A0927,25,105417.13242000001,1970-01-01 00:00:00.020190101,0
A0928,8,38336.526,1970-01-01 00:00:00.020181123,0
A0929,7,20141.33904,1970-01-01 00:00:00.020180928,0
A0930,24,65266.72756,1970-01-01 00:00:00.020181217,0
A0931,12,27023.15066,1970-01-01 00:00:00.020181226,0
A0932,8,23193.258,1970-01-01 00:00:00.020181213,0
A0933,21,49640.0871,1970-01-01 00:00:00.020181228,0
A0934,26,99067.25374,1970-01-01 00:00:00.020181218,0
A0935,4,5347.96154,1970-01-01 00:00:00.020181130,0
A0937,18,42053.32092,1970-01-01 00:00:00.020181224,0
A0938,3,2558.6000000000004,1970-01-01 00:00:00.020181008,0
A0940,7,35003.517680000004,1970-01-01 00:00:00.020181102,0
A0941,6,10781.929,1970-01-01 00:00:00.020181127,0
A0942,26,86139.02036000001,1970-01-01 00:00:00.020181214,0
A0943,29,70250.6629,1970-01-01 00:00:00.020181130,0
A0944,20,35600.067,1970-01-01 00:00:00.020181219,0
A0945,39,134834.46316,1970-01-01 00:00:00.020181231,0
A0946,14,37679.432,1970-01-01 00:00:00.020181128,0
A0947,6,8591.133,1970-01-01 00:00:00.020181213,0
A0949,24,53114.22696,1970-01-01 00:00:00.020181224,0
A0950,1,744.876,1970-01-01 00:00:00.020180820,0
A0951,7,15346.3758,1970-01-01 00:00:00.020181002,0
A0952,33,74417.23832,1970-01-01 00:00:00.020190104,0
A0953,22,74846.93156,1970-01-01 00:00:00.020181213,0
A0954,5,6196.64048,1970-01-01 00:00:00.020180927,0
A0955,18,45877.11408,1970-01-01 00:00:00.020181129,0
A0959,4,5023.88406,1970-01-01 00:00:00.020181210,0
A0961,22,37208.33882,1970-01-01 00:00:00.020181226,0
A0962,6,10299.056,1970-01-01 00:00:00.020181224,0
A0963,28,81864.7884,1970-01-01 00:00:00.020181220,0
A0964,5,14013.37376,1970-01-01 00:00:00.020181024,0
A0965,22,74474.1676,1970-01-01 00:00:00.020181218,0
A0967,9,26512.74168,1970-01-01 00:00:00.020181109,0
A0970,7,41785.6628,1970-01-01 00:00:00.020181228,0
A0972,15,39342.27844,1970-01-01 00:00:00.020181023,0
A0973,1,2488.648,1970-01-01 00:00:00.020180319,0
A0975,8,17426.4076,1970-01-01 00:00:00.020181210,0
A0977,25,71324.95348,1970-01-01 00:00:00.020181225,0
A0978,13,32831.5146,1970-01-01 00:00:00.020190101,0
A0981,2,3186.4975999999997,1970-01-01 00:00:00.020181029,0
A0982,26,84430.81888,1970-01-01 00:00:00.020190104,0
A0983,2,4446.9744,1970-01-01 00:00:00.020181121,0
A0986,3,13127.2768,1970-01-01 00:00:00.020181003,0
A0987,28,76546.67326,1970-01-01 00:00:00.020181227,0
A0988,17,69275.82128,1970-01-01 00:00:00.020181213,0
A0989,4,6258.916,1970-01-01 00:00:00.020180717,0
A0990,37,66780.0444,1970-01-01 00:00:00.020181228,0
A0991,3,1501.2849999999999,1970-01-01 00:00:00.020181017,0
A0992,17,50483.76288,1970-01-01 00:00:00.020181101,0
A0993,22,37558.39826,1970-01-01 00:00:00.020181218,0
A0994,25,47495.51342,1970-01-01 00:00:00.020181225,0
A0995,3,6340.600640000001,1970-01-01 00:00:00.020181210,0
A0996,6,10068.23704,1970-01-01 00:00:00.020181115,0
A0997,21,38768.347,1970-01-01 00:00:00.020181227,0
A0998,5,6209.3668,1970-01-01 00:00:00.020181221,0
A1000,5,12014.8626,1970-01-01 00:00:00.020181228,0
A1001,3,14821.3168,1970-01-01 00:00:00.020181102,0
A1002,24,56374.96976,1970-01-01 00:00:00.020181214,0
A1003,20,53747.528,1970-01-01 00:00:00.020181122,0
A1004,3,10350.64,1970-01-01 00:00:00.020180726,0
A1007,15,40701.60416,1970-01-01 00:00:00.020181231,0
A1009,20,39811.43736,1970-01-01 00:00:00.020181224,0
A1011,4,5921.8896,1970-01-01 00:00:00.020181126,0
A1013,4,4502.432,1970-01-01 00:00:00.020180731,0
A1014,19,30779.97304,1970-01-01 00:00:00.020181204,0
A1015,6,13957.616,1970-01-01 00:00:00.020181224,0
A1017,3,1898.71,1970-01-01 00:00:00.020180720,0
A1018,9,20642.83856,1970-01-01 00:00:00.020181231,0
A1020,25,47448.59708,1970-01-01 00:00:00.020181219,0
A1022,2,5204.43,1970-01-01 00:00:00.020181204,0
A1027,18,68940.61356,1970-01-01 00:00:00.020181225,0
A1029,17,39520.140960000004,1970-01-01 00:00:00.020181115,0
A1030,20,70372.00972,1970-01-01 00:00:00.020181231,0
A1031,5,20463.352,1970-01-01 00:00:00.020180823,0
A1032,2,1979.7359999999999,1970-01-01 00:00:00.020180605,0
A1034,4,12598.56112,1970-01-01 00:00:00.020181003,0
A1035,15,23067.58912,1970-01-01 00:00:00.020181204,0
A1036,24,55814.31774,1970-01-01 00:00:00.020190104,0
A1037,4,6943.09264,1970-01-01 00:00:00.020181122,0
A1038,8,13699.5072,1970-01-01 00:00:00.020181228,0
A1039,7,10001.11144,1970-01-01 00:00:00.020181226,0
A1044,1,1461.4776,1970-01-01 00:00:00.020180123,0
A1046,3,4823.848,1970-01-01 00:00:00.020180521,0
A1047,9,45849.85788,1970-01-01 00:00:00.020181224,0
A1049,4,12349.75456,1970-01-01 00:00:00.020181221,0
A1050,18,89339.44002000001,1970-01-01 00:00:00.020181206,0
A1054,20,50126.7032,1970-01-01 00:00:00.020181224,0
A1055,21,48644.35454,1970-01-01 00:00:00.020181224,0
A1056,19,50691.769680000005,1970-01-01 00:00:00.020181120,0
A1057,25,40899.3358,1970-01-01 00:00:00.020190104,0
A1058,17,56207.663140000004,1970-01-01 00:00:00.020181217,0
A1059,5,16603.136,1970-01-01 00:00:00.020181101,0
A1060,4,7440.616,1970-01-01 00:00:00.020180627,0
A1062,29,110455.19378,1970-01-01 00:00:00.020190101,0
A1063,6,6043.928,1970-01-01 00:00:00.020181112,0
A1064,23,63143.46234,1970-01-01 00:00:00.020181226,0
A1065,24,40827.3381,1970-01-01 00:00:00.020181231,0
A1067,26,33561.219600000004,1970-01-01 00:00:00.020190101,0
A1068,21,43138.98766,1970-01-01 00:00:00.020181228,0
A1069,7,16783.74368,1970-01-01 00:00:00.020181010,0
A1071,4,5067.09,1970-01-01 00:00:00.020181108,0
A1072,12,51515.6101,1970-01-01 00:00:00.020181214,0
A1073,9,20545.38524,1970-01-01 00:00:00.020180927,0
A1076,24,48528.55662,1970-01-01 00:00:00.020190101,0
A1077,4,11387.6752,1970-01-01 00:00:00.020181025,0
A1078,5,46534.51096,1970-01-01 00:00:00.020181022,0
A1079,16,30465.6596,1970-01-01 00:00:00.020190102,0
A1083,3,2509.21,1970-01-01 00:00:00.020181122,0
A1085,14,24100.554480000003,1970-01-01 00:00:00.020190101,0
A1088,3,6699.952,1970-01-01 00:00:00.020180718,0
A1089,24,65363.5408,1970-01-01 00:00:00.020181225,0
A1090,3,10643.921600000001,1970-01-01 00:00:00.020180606,0
A1091,4,5352.512000000001,1970-01-01 00:00:00.020181030,0
A1092,37,59468.31734,1970-01-01 00:00:00.020181224,0
A1093,5,19515.90584,1970-01-01 00:00:00.020181212,0
A1094,5,25664.432960000002,1970-01-01 00:00:00.020181205,0
A1095,22,55193.68048,1970-01-01 00:00:00.020181220,0
A1098,4,13354.670080000002,1970-01-01 00:00:00.020181031,0
A1100,30,62240.77444,1970-01-01 00:00:00.020190104,0
A1101,28,83954.00844,1970-01-01 00:00:00.020181214,0
A1102,6,8367.73062,1970-01-01 00:00:00.020181130,0
A1103,22,42484.28792,1970-01-01 00:00:00.020181231,0
A1104,7,12884.184000000001,1970-01-01 00:00:00.020181108,0
A1106,4,4403.3554,1970-01-01 00:00:00.020181128,0
A1108,8,12522.2724,1970-01-01 00:00:00.020181107,0
A1110,21,59946.08314,1970-01-01 00:00:00.020190103,0
A1112,2,2161.247,1970-01-01 00:00:00.020180810,0
A1113,6,7025.036959999999,1970-01-01 00:00:00.020181026,0
A1114,7,17811.23104,1970-01-01 00:00:00.020181227,0
A1115,5,13012.617,1970-01-01 00:00:00.020181024,0
A1116,21,64443.70768,1970-01-01 00:00:00.020181224,0
A1118,12,32025.22992,1970-01-01 00:00:00.020181122,0
A1119,5,6597.84,1970-01-01 00:00:00.020181213,0
A1120,31,104101.32268,1970-01-01 00:00:00.020181227,0
A1123,8,16410.2758,1970-01-01 00:00:00.020181023,0
A1124,18,37371.566399999996,1970-01-01 00:00:00.020181206,0
A1125,7,14592.11136,1970-01-01 00:00:00.020180815,0
A1127,2,3526.1027999999997,1970-01-01 00:00:00.020180327,0
A1128,4,5844.18,1970-01-01 00:00:00.020180817,0
A1129,22,48119.4524,1970-01-01 00:00:00.020181226,0
A1130,32,119277.9062,1970-01-01 00:00:00.020181214,0
A1131,4,8711.937600000001,1970-01-01 00:00:00.020180813,0
A1132,6,7543.937,1970-01-01 00:00:00.020180924,0
A1133,23,50440.59896,1970-01-01 00:00:00.020181116,0
A1134,3,12911.3984,1970-01-01 00:00:00.020180726,0
A1135,19,65081.05584,1970-01-01 00:00:00.020181128,0
A1136,5,10008.14176,1970-01-01 00:00:00.020181031,0
A1137,20,60167.90438,1970-01-01 00:00:00.020181220,0
A1138,9,23181.290399999998,1970-01-01 00:00:00.020181205,0
A1139,16,42309.787599999996,1970-01-01 00:00:00.020181211,0
A1142,32,68285.95782,1970-01-01 00:00:00.020181227,0
A1144,15,46139.00468,1970-01-01 00:00:00.020181228,0
A1146,19,40739.455760000004,1970-01-01 00:00:00.020181211,0
A1147,7,9678.266,1970-01-01 00:00:00.020180927,0
A1149,9,13089.6001,1970-01-01 00:00:00.020181207,0
A1150,7,20873.15392,1970-01-01 00:00:00.020181107,0
A1151,6,46388.11496,1970-01-01 00:00:00.020181206,0
A1152,8,60797.5496,1970-01-01 00:00:00.020181129,0
A1153,29,52291.0151,1970-01-01 00:00:00.020181219,0
A1159,16,48327.70536,1970-01-01 00:00:00.020181226,0
A1160,5,6702.08,1970-01-01 00:00:00.020181128,0
A1161,28,68648.84674000001,1970-01-01 00:00:00.020181225,0
A1162,22,50322.84442,1970-01-01 00:00:00.020181211,0
A1163,28,84025.2644,1970-01-01 00:00:00.020181112,0
A1164,32,69985.8434,1970-01-01 00:00:00.020181224,0
A1165,5,10733.932,1970-01-01 00:00:00.020181127,0
A1167,19,33406.6208,1970-01-01 00:00:00.020181114,0
A1168,6,10447.4212,1970-01-01 00:00:00.020181126,0
A1169,20,43659.66884,1970-01-01 00:00:00.020181217,0
A1170,4,11728.42304,1970-01-01 00:00:00.020181231,0
A1171,2,4832.229600000001,1970-01-01 00:00:00.020180621,0
A1172,6,26720.0484,1970-01-01 00:00:00.020181003,0
A1173,2,5852.465279999999,1970-01-01 00:00:00.020181116,0
A1175,5,8206.4512,1970-01-01 00:00:00.020181026,0
A1176,12,35153.89372,1970-01-01 00:00:00.020181227,0
A1178,18,31232.52226,1970-01-01 00:00:00.020181219,0
A1179,4,5502.58,1970-01-01 00:00:00.020181105,0
A1181,24,34749.90532,1970-01-01 00:00:00.020190101,0
A1182,8,35388.9496,1970-01-01 00:00:00.020181025,0
A1183,7,17771.127200000003,1970-01-01 00:00:00.020181003,0
A1184,6,11401.837599999999,1970-01-01 00:00:00.020181119,0
A1185,6,18247.67446,1970-01-01 00:00:00.020181126,0
A1186,8,28148.064,1970-01-01 00:00:00.020181120,0
A1187,21,54722.594900000004,1970-01-01 00:00:00.020181219,0
A1188,20,40443.9326,1970-01-01 00:00:00.020181225,0
A1190,3,1910.5636,1970-01-01 00:00:00.020180910,0
A1191,6,15310.34664,1970-01-01 00:00:00.020180619,0
A1193,31,57752.79616,1970-01-01 00:00:00.020190101,0
A1195,8,13945.30304,1970-01-01 00:00:00.020181108,0
A1197,22,41307.66336,1970-01-01 00:00:00.020181211,0
A1201,6,9731.762480000001,1970-01-01 00:00:00.020180925,0
A1202,34,70342.40276,1970-01-01 00:00:00.020181224,0
A1203,8,16503.0878,1970-01-01 00:00:00.020180926,0
A1204,27,65256.28686,1970-01-01 00:00:00.020181231,0
A1206,4,2593.36,1970-01-01 00:00:00.020180917,0
A1208,18,39007.3104,1970-01-01 00:00:00.020181218,0
A1209,2,16537.004,1970-01-01 00:00:00.020180803,0
A1210,8,15371.51,1970-01-01 00:00:00.020181211,0
A1211,6,37101.64976,1970-01-01 00:00:00.020181204,0
A1212,25,64453.494920000005,1970-01-01 00:00:00.020181217,0
A1214,20,48881.2292,1970-01-01 00:00:00.020181227,0
A1215,27,85285.36232,1970-01-01 00:00:00.020181224,0
A1216,20,53323.8265,1970-01-01 00:00:00.020181221,0
A1217,6,23584.396,1970-01-01 00:00:00.020190101,0
A1219,3,4020.73,1970-01-01 00:00:00.020181210,0
A1221,20,50146.66152,1970-01-01 00:00:00.020190101,0
A1223,3,4397.2326,1970-01-01 00:00:00.020181112,0
A1225,21,60136.74264,1970-01-01 00:00:00.020181220,0
A1226,29,61775.74948,1970-01-01 00:00:00.020181210,0
A1227,5,17930.814,1970-01-01 00:00:00.020180720,0
A1228,21,52355.74148,1970-01-01 00:00:00.020181227,0
A1229,7,19937.95184,1970-01-01 00:00:00.020181203,0
A1230,21,65056.84706,1970-01-01 00:00:00.020181227,0
A1232,31,110238.74226,1970-01-01 00:00:00.020181226,0
A1236,29,78803.30062000001,1970-01-01 00:00:00.020181227,0
A1237,17,49579.05998,1970-01-01 00:00:00.020181211,0
A1239,6,6082.0285,1970-01-01 00:00:00.020181212,0
A1240,27,51353.08888,1970-01-01 00:00:00.020181217,0
A1241,7,18990.98576,1970-01-01 00:00:00.020181120,0
A1242,5,14423.0635,1970-01-01 00:00:00.020181031,0
A1243,4,4892.71904,1970-01-01 00:00:00.020181206,0
A1244,10,35659.34852,1970-01-01 00:00:00.020181010,0
A1248,6,31329.033879999995,1970-01-01 00:00:00.020181204,0
A1249,7,9057.980880000001,1970-01-01 00:00:00.020181227,0
A1251,6,10160.737,1970-01-01 00:00:00.020181219,0
A1252,6,10559.874,1970-01-01 00:00:00.020181116,0
A1253,2,3806.14464,1970-01-01 00:00:00.020181219,0
A1254,14,38727.35708,1970-01-01 00:00:00.020181220,0
A1255,22,102867.18476,1970-01-01 00:00:00.020190101,0
A1256,3,2989.502,1970-01-01 00:00:00.020181116,0
A1257,22,72722.70544,1970-01-01 00:00:00.020181224,0
A1258,6,6564.5712,1970-01-01 00:00:00.020181019,0
A1260,19,63719.543600000005,1970-01-01 00:00:00.020181227,0
A1261,4,10525.279,1970-01-01 00:00:00.020180822,0
A1264,5,10611.4376,1970-01-01 00:00:00.020181227,0
A1265,29,71655.36664000001,1970-01-01 00:00:00.020181226,0
A1269,4,5199.5988,1970-01-01 00:00:00.020181122,0
A1270,19,43859.18774,1970-01-01 00:00:00.020181221,0
A1271,21,65816.76348000001,1970-01-01 00:00:00.020181228,0
A1272,6,12106.569200000002,1970-01-01 00:00:00.020181204,0
A1274,16,39185.4361,1970-01-01 00:00:00.020181127,0
A1276,5,10745.356,1970-01-01 00:00:00.020181107,0
A1277,19,44043.82588,1970-01-01 00:00:00.020190104,0
A1278,26,52460.1695,1970-01-01 00:00:00.020181225,0
A1279,6,7866.6900000000005,1970-01-01 00:00:00.020181226,0
A1280,4,10883.278880000002,1970-01-01 00:00:00.020181220,0
A1282,23,46057.67656,1970-01-01 00:00:00.020181225,0
A1284,5,28782.923000000003,1970-01-01 00:00:00.020181105,0
A1285,24,59488.77652,1970-01-01 00:00:00.020181102,0
A1286,13,40314.20268,1970-01-01 00:00:00.020181221,0
A1287,5,6397.16,1970-01-01 00:00:00.020181128,0
A1288,4,10012.6808,1970-01-01 00:00:00.020180827,0
A1289,2,4407.4448,1970-01-01 00:00:00.020180705,0
A1290,24,71588.63436,1970-01-01 00:00:00.020181224,0
A1291,5,18013.08736,1970-01-01 00:00:00.020181203,0
A1292,18,32292.92294,1970-01-01 00:00:00.020181218,0
A1293,7,16194.24,1970-01-01 00:00:00.020181106,0
A1295,6,12697.375680000001,1970-01-01 00:00:00.020180919,0
A1296,7,11989.983499999998,1970-01-01 00:00:00.020181129,0
A1297,19,42936.1003,1970-01-01 00:00:00.020181231,0
A1299,17,64109.37866,1970-01-01 00:00:00.020181217,0
A1300,7,9688.5624,1970-01-01 00:00:00.020180925,0
A1301,4,3065.216,1970-01-01 00:00:00.020190101,0
A1302,26,60816.6152,1970-01-01 00:00:00.020181205,0
A1304,4,5566.52888,1970-01-01 00:00:00.020181116,0
A1305,28,94804.80668000001,1970-01-01 00:00:00.020181228,0
A1306,19,44567.07408,1970-01-01 00:00:00.020181221,0
A1307,21,40869.73766,1970-01-01 00:00:00.020181231,0
A1308,7,13664.1792,1970-01-01 00:00:00.020180618,0
A1309,8,17129.67008,1970-01-01 00:00:00.020181224,0
A1311,18,31142.709580000002,1970-01-01 00:00:00.020181220,0
A1312,5,25463.680000000004,1970-01-01 00:00:00.020181115,0
A1313,28,60998.45352,1970-01-01 00:00:00.020190102,0
A1314,6,11023.272,1970-01-01 00:00:00.020180917,0
A1316,32,114734.67826,1970-01-01 00:00:00.020190101,0
A1318,3,8466.9376,1970-01-01 00:00:00.020180802,0
A1319,17,78792.07518,1970-01-01 00:00:00.020181205,0
A1320,18,42299.45148,1970-01-01 00:00:00.020181218,0
A1323,22,68254.05436,1970-01-01 00:00:00.020181231,0
A1325,6,7296.04864,1970-01-01 00:00:00.020181126,0
A1326,9,15370.29204,1970-01-01 00:00:00.020181016,0
A1329,22,49050.53236,1970-01-01 00:00:00.020181231,0
A1330,1,1182.72,1970-01-01 00:00:00.020181101,0
A1331,11,26471.42212,1970-01-01 00:00:00.020181226,0
A1332,24,57166.59964,1970-01-01 00:00:00.020181221,0
A1333,19,62289.82912,1970-01-01 00:00:00.020181227,0
A1334,23,57892.47948,1970-01-01 00:00:00.020181221,0
A1335,4,24483.14176,1970-01-01 00:00:00.020180724,0
A1336,6,15468.3728,1970-01-01 00:00:00.020181207,0
A1337,22,64254.30218,1970-01-01 00:00:00.020181220,0
A1338,26,50933.96336,1970-01-01 00:00:00.020181231,0
A1340,2,5464.799999999999,1970-01-01 00:00:00.020181212,0
A1341,6,9831.58296,1970-01-01 00:00:00.020180522,0
A1343,29,71994.45482,1970-01-01 00:00:00.020181217,0
A1345,22,69913.0312,1970-01-01 00:00:00.020181231,0
A1346,9,30877.3892,1970-01-01 00:00:00.020181207,0
A1348,15,48766.88256,1970-01-01 00:00:00.020181228,0
A1349,11,32199.81504,1970-01-01 00:00:00.020181226,0
A1350,6,16114.828720000001,1970-01-01 00:00:00.020181016,0
A1353,22,74414.3849,1970-01-01 00:00:00.020181231,0
A1354,1,3142.825,1970-01-01 00:00:00.020181108,0
A1357,20,61344.821840000004,1970-01-01 00:00:00.020181102,0
A1358,16,37775.12612,1970-01-01 00:00:00.020181217,0
A1359,4,12952.698,1970-01-01 00:00:00.020181108,0
A1360,26,60155.96338,1970-01-01 00:00:00.020181231,0
A1361,7,11270.15496,1970-01-01 00:00:00.020181225,0
A1362,21,41694.72108,1970-01-01 00:00:00.020190101,0
A1363,6,17003.71056,1970-01-01 00:00:00.020181206,0
A1365,2,4529.2984,1970-01-01 00:00:00.020181210,0
A1366,4,3401.88,1970-01-01 00:00:00.020181113,0
A1367,20,51307.23542,1970-01-01 00:00:00.020181119,0
A1369,18,51725.55906,1970-01-01 00:00:00.020181210,0
A1370,21,85824.56942,1970-01-01 00:00:00.020181217,0
A1371,8,9370.4612,1970-01-01 00:00:00.020181227,0
A1372,3,9588.876,1970-01-01 00:00:00.020180531,0
A1373,3,5842.8447,1970-01-01 00:00:00.020181227,0
A1374,6,30201.0328,1970-01-01 00:00:00.020181221,0
A1375,4,5574.9980000000005,1970-01-01 00:00:00.020180711,0
A1378,5,18686.14,1970-01-01 00:00:00.020180822,0
A1381,25,57640.37092,1970-01-01 00:00:00.020181220,0
A1382,7,16860.44658,1970-01-01 00:00:00.020190101,0
A1384,5,19313.109200000003,1970-01-01 00:00:00.020180917,0
A1385,7,7984.92612,1970-01-01 00:00:00.020181218,0
A1386,4,8786.2984,1970-01-01 00:00:00.020181108,0
A1387,19,65359.03788,1970-01-01 00:00:00.020181218,0
A1388,23,103716.54568000001,1970-01-01 00:00:00.020181231,0
A1390,27,63606.25464,1970-01-01 00:00:00.020181217,0
A1395,4,8211.8784,1970-01-01 00:00:00.020180831,0
A1397,9,30033.8864,1970-01-01 00:00:00.020181130,0
A1401,8,16111.139640000001,1970-01-01 00:00:00.020181226,0
A1402,5,8594.499600000001,1970-01-01 00:00:00.020181019,0
A1403,14,42148.55378,1970-01-01 00:00:00.020181122,0
A1406,23,61656.85936,1970-01-01 00:00:00.020190101,0
A1407,9,10782.4556,1970-01-01 00:00:00.020181128,0
A1408,14,20098.53202,1970-01-01 00:00:00.020181228,0
A1409,15,62722.51392,1970-01-01 00:00:00.020181228,0
A1410,24,79388.26931999999,1970-01-01 00:00:00.020181219,0
A1411,6,11269.496,1970-01-01 00:00:00.020181210,0
A1412,24,68096.20752,1970-01-01 00:00:00.020181226,0
A1413,23,52738.79456,1970-01-01 00:00:00.020181225,0
A1415,20,53019.49664,1970-01-01 00:00:00.020181218,0
A1416,24,49938.383780000004,1970-01-01 00:00:00.020181231,0
A1419,22,64257.845199999996,1970-01-01 00:00:00.020181115,0
A1420,14,25054.18342,1970-01-01 00:00:00.020181011,0
